0,1,2,3,4,5,6,7,8,9,10,11,12,13,14,15,16,17,18,19,20,21,22,23,24,25,26,27,28,29,30,31,32,33,34,35,36,37,38,39,40,41,42,43,44,45,46,47,48,49,50,51,52,53,54,55,56,57,58,59,60,61,62,63,64,65,66,67,68,69,70,71,72,73,74,75,76,77,78,79,80,81,82,83,84,85,86,87,88,89,90,91,92,93,94,95,96,97,98
0.4782636761665344,0.1841287761926651,0.14763523638248444,0.4770532548427582,0.16743427515029907,0.101026251912117,0.4749101996421814,0.16670790314674377,0.10093686729669571,0.47244471311569214,0.16614021360874176,0.10084845125675201,0.4843141436576843,0.1686154454946518,0.11552038043737411,0.48761075735092163,0.1686747819185257,0.1154920905828476,0.4911683201789856,0.1689365655183792,0.11533491313457489,0.4699264466762543,0.17186442017555237,-0.0538036935031414,0.5011130571365356,0.17596517503261566,0.012313658371567726,0.47621139883995056,0.19815777242183685,0.1010674387216568,0.4827299118041992,0.2007545679807663,0.1191178560256958,0.4369388222694397,0.2820725739002228,-0.1363605111837387,0.5519682168960571,0.30862942337989807,-0.01422416977584362,0.3960610032081604,0.4341353476047516,-0.15274128317832947,0.5693737268447876,0.46842312812805176,0.04356205835938454,0.3518649935722351,0.5459266304969788,-0.08117198199033737,0.5506420731544495,0.5608581304550171,0.1415763795375824,0.33990612626075745,0.5821840763092041,-0.08775845170021057,0.5459385514259338,0.5903064608573914,0.15647193789482117,0.3407469093799591,0.5807580947875977,-0.07979930937290192,0.5404335856437683,0.5813609957695007,0.15275445580482483,0.3467597961425781,0.570316731929779,-0.07461898028850555,0.5400366187095642,0.5686435699462891,0.14266464114189148,0.4291732907295227,0.6165229082107544,-0.042402081191539764,0.4876324236392975,0.631575882434845,0.04207281023263931,0.3782193064689636,0.7790611982345581,0.11142098903656006,0.4812747538089752,0.8103099465370178,0.16774161159992218,0.3477170765399933,0.9413978457450867,0.2489965707063675,0.5411698222160339,0.9809277653694153,0.263001024723053,0.35114917159080505,0.9749316573143005,0.2646542191505432,0.5503376722335815,0.9885635375976562,0.2738533616065979,0.33407917618751526,0.9275569319725037,0.26591476798057556,0.5363664627075195,0.9796538352966309,0.27234432101249695
0.4745451509952545,0.21387971937656403,0.15769192576408386,0.4728887975215912,0.197175532579422,0.11318495124578476,0.47050151228904724,0.1964014321565628,0.11310531944036484,0.4677271246910095,0.19569383561611176,0.11300794780254364,0.48001304268836975,0.19864286482334137,0.1246519461274147,0.4830332398414612,0.19897569715976715,0.1246090680360794,0.4864687919616699,0.19941911101341248,0.12446635961532593,0.46356257796287537,0.20095720887184143,-0.03471747785806656,0.49496492743492126,0.20601217448711395,0.014823314733803272,0.4714483320713043,0.2289663553237915,0.11325269937515259,0.47798895835876465,0.23075002431869507,0.12734711170196533,0.4262431263923645,0.3070254921913147,-0.12247662246227264,0.5409141778945923,0.3343788683414459,-0.0005092934588901699,0.3838624358177185,0.44768065214157104,-0.1186194196343422,0.5597398281097412,0.48485124111175537,0.07684196531772614,0.3375922739505768,0.5455438494682312,-0.02118096314370632,0.5442894697189331,0.5638734698295593,0.20427218079566956,0.3223658502101898,0.583728015422821,-0.023855704814195633,0.5405340790748596,0.5926305651664734,0.2239159345626831,0.3222636282444,0.5822946429252625,-0.015767844393849373,0.5338471531867981,0.5846343040466309,0.22116906940937042,0.3294689655303955,0.5718956589698792,-0.013596045784652233,0.5329226851463318,0.5722280144691467,0.20675012469291687,0.420335054397583,0.6289006471633911,-0.047956131398677826,0.47649431228637695,0.6450988054275513,0.04762592911720276,0.3634456694126129,0.7719341516494751,0.11299274116754532,0.4630700945854187,0.8111767172813416,0.2030293047428131,0.3467395007610321,0.9347653985023499,0.24630458652973175,0.5118147134780884,0.9596171975135803,0.27605095505714417,0.3525170385837555,0.9691898822784424,0.26249003410339355,0.5180241465568542,0.9656504988670349,0.28699472546577454,0.3231167793273926,0.9354360103607178,0.2732294499874115,0.502274215221405,0.9683791399002075,0.2958930730819702
0.4689238965511322,0.25013092160224915,0.1785953938961029,0.46695512533187866,0.23162469267845154,0.13731065392494202,0.46444469690322876,0.230910986661911,0.13724270462989807,0.4615546762943268,0.23036600649356842,0.1371447741985321,0.4742720127105713,0.23332320153713226,0.14610448479652405,0.47716712951660156,0.23385214805603027,0.14605039358139038,0.4802494943141937,0.2344447672367096,0.14591240882873535,0.456320583820343,0.23586222529411316,-0.005347046069800854,0.4867274761199951,0.24125875532627106,0.030053768306970596,0.4646359384059906,0.26452332735061646,0.1351257860660553,0.47123289108276367,0.2651363015174866,0.14572985470294952,0.41678863763809204,0.3379429280757904,-0.09733641892671585,0.5280786156654358,0.36277180910110474,0.0037840604782104492,0.370270311832428,0.4696182608604431,-0.09430690854787827,0.5506433248519897,0.5039882063865662,0.10180188715457916,0.32089701294898987,0.5500848293304443,0.008276460692286491,0.5373619794845581,0.5777808427810669,0.23296348750591278,0.30482232570648193,0.5864399671554565,0.009246192872524261,0.5327857732772827,0.6048447489738464,0.25495606660842896,0.3046223521232605,0.5852992534637451,0.01976175047457218,0.5263870358467102,0.598186194896698,0.25385457277297974,0.3136189579963684,0.5747615098953247,0.01732683554291725,0.5254308581352234,0.5867337584495544,0.23654556274414062,0.41219061613082886,0.651347279548645,-0.05010923743247986,0.4667913019657135,0.6666901707649231,0.04976525902748108,0.34989768266677856,0.7489413022994995,0.11054906994104385,0.4516073167324066,0.8235336542129517,0.2269047200679779,0.34382519125938416,0.9260135293006897,0.22012872993946075,0.46989670395851135,0.9474652409553528,0.2874787449836731,0.34876978397369385,0.958820104598999,0.23453986644744873,0.4717341363430023,0.967284619808197,0.29785436391830444,0.31884902715682983,0.9405984878540039,0.2508753836154938,0.4670080542564392,0.9628674983978271,0.3103957772254944
0.4625442922115326,0.28796258568763733,0.17034760117530823,0.460199773311615,0.27058669924736023,0.12864980101585388,0.4578080177307129,0.2702944576740265,0.12859144806861877,0.4551998972892761,0.2702969014644623,0.12849557399749756,0.4670568108558655,0.2714037597179413,0.1373683512210846,0.46959352493286133,0.2717703580856323,0.13731227815151215,0.47233694791793823,0.2723240852355957,0.13716872036457062,0.4499981999397278,0.27632755041122437,-0.014250611886382103,0.4778779149055481,0.27890467643737793,0.023426152765750885,0.4583227038383484,0.30228883028030396,0.12660759687423706,0.4648824632167816,0.30160316824913025,0.1373082399368286,0.4088180661201477,0.3783471882343292,-0.10397835820913315,0.5174609422683716,0.39958861470222473,0.004246088210493326,0.35464727878570557,0.49605220556259155,-0.06163331866264343,0.5411812663078308,0.5272988677024841,0.1112014651298523,0.3016260266304016,0.559485912322998,0.10148122161626816,0.5312003493309021,0.5907898545265198,0.28356343507766724,0.28033244609832764,0.5949982404708862,0.11196533590555191,0.5268329381942749,0.6159572601318359,0.31232282519340515,0.2791425585746765,0.594063937664032,0.12232506275177002,0.5219117403030396,0.6106681823730469,0.30921199917793274,0.2895047962665558,0.5837709307670593,0.11252854764461517,0.5208519101142883,0.5999673008918762,0.2876806855201721,0.4085162281990051,0.6775733232498169,-0.04714519530534744,0.4526473879814148,0.6888135075569153,0.04678475484251976,0.3401823937892914,0.7407572269439697,0.16438204050064087,0.4357420802116394,0.7993146181106567,0.26683467626571655,0.33953291177749634,0.9193470478057861,0.29071587324142456,0.4483261704444885,0.899385392665863,0.35377389192581177,0.3469234108924866,0.9535643458366394,0.3077617287635803,0.4498920440673828,0.9211208820343018,0.367753803730011,0.31571164727211,0.9419978857040405,0.333560049533844,0.4444602131843567,0.9138565063476562,0.3941396474838257
0.45668894052505493,0.3276805877685547,0.14468973875045776,0.453601211309433,0.31174585223197937,0.10693885385990143,0.4508267939090729,0.31157585978507996,0.10683517158031464,0.4478117525577545,0.3116559386253357,0.10674095153808594,0.4616520404815674,0.31280598044395447,0.11056842654943466,0.46462664008140564,0.3134154975414276,0.11048632860183716,0.46787697076797485,0.3141731917858124,0.11033449321985245,0.442863404750824,0.31922322511672974,-0.023985495790839195,0.4749155640602112,0.322158545255661,-0.0017800579080358148,0.45165905356407166,0.3418807089328766,0.10592477023601532,0.45955830812454224,0.34235289692878723,0.10999879986047745,0.4002244472503662,0.42129379510879517,-0.12149335443973541,0.5125892162322998,0.4402675926685333,-0.008221624419093132,0.3410487771034241,0.5192381739616394,-0.10593472421169281,0.5365386605262756,0.5560898780822754,0.11819718033075333,0.2865923047065735,0.5657629370689392,0.013449345715343952,0.5250118374824524,0.6074110865592957,0.30214664340019226,0.26199790835380554,0.5952655673027039,0.018698837608098984,0.5211725234985352,0.6268220543861389,0.3294467329978943,0.25990238785743713,0.5927925109863281,0.026280272752046585,0.5169572234153748,0.6216093897819519,0.32714512944221497,0.2714815139770508,0.5841024518013,0.022755268961191177,0.516131579875946,0.6142458915710449,0.30685022473335266,0.3961804211139679,0.7115418314933777,-0.05012356489896774,0.44824814796447754,0.729472279548645,0.04964156448841095,0.3323201835155487,0.7369861006736755,0.2018689662218094,0.4313133656978607,0.7807571291923523,0.344217449426651,0.3360198140144348,0.9148545861244202,0.3090285062789917,0.4458014965057373,0.8633400201797485,0.4367097020149231,0.34269383549690247,0.9501863121986389,0.32608386874198914,0.44943752884864807,0.880965530872345,0.4518478810787201,0.31153181195259094,0.9348735213279724,0.36828428506851196,0.43881314992904663,0.8827432990074158,0.4931343197822571
0.45314329862594604,0.36743634939193726,0.11990855634212494,0.44986382126808167,0.35346463322639465,0.08526213467121124,0.44689303636550903,0.3535538911819458,0.08516039699316025,0.4437459409236908,0.3539683520793915,0.08509477227926254,0.45888081192970276,0.3545398712158203,0.0903879925608635,0.4620899260044098,0.3552527129650116,0.09031091630458832,0.4653782248497009,0.35606393218040466,0.09016390144824982,0.4391888976097107,0.36335453391075134,-0.03187037259340286,0.4723561704158783,0.3653804659843445,-0.006606438662856817,0.44752541184425354,0.38113340735435486,0.0856705754995346,0.4564717710018158,0.38245755434036255,0.09154379367828369,0.3950672447681427,0.46335986256599426,-0.11515466868877411,0.5066574811935425,0.4755619168281555,-0.008738264441490173,0.3322393596172333,0.5383623838424683,-0.1100391298532486,0.5330387353897095,0.575308084487915,0.12570786476135254,0.2725299000740051,0.5668374300003052,-0.017456743866205215,0.5222703218460083,0.6175616979598999,0.30828672647476196,0.24784322082996368,0.5945570468902588,-0.015200681984424591,0.5177026391029358,0.6342748403549194,0.3336426615715027,0.2474479228258133,0.5901139378547668,-0.009289695881307125,0.5140091180801392,0.6303606033325195,0.333135187625885,0.25523456931114197,0.5828884840011597,-0.009364297613501549,0.5136054754257202,0.6240206360816956,0.31414344906806946,0.38837218284606934,0.7463011741638184,-0.05029648542404175,0.4426397383213043,0.7648638486862183,0.04966016486287117,0.327082097530365,0.7313230633735657,0.2131498157978058,0.4273591637611389,0.7724013328552246,0.3590976595878601,0.3359977900981903,0.8985298275947571,0.31112709641456604,0.43846654891967773,0.8471044898033142,0.43581804633140564,0.3422001004219055,0.9263275265693665,0.32811880111694336,0.4427978992462158,0.8626464009284973,0.44893503189086914,0.30965855717658997,0.9365418553352356,0.3877153694629669,0.42910870909690857,0.8689814209938049,0.49773305654525757
0.452542781829834,0.4074750244617462,0.12406003475189209,0.4486187994480133,0.3936886191368103,0.09010592848062515,0.4454176425933838,0.3936200737953186,0.08998624980449677,0.4421304166316986,0.3936469554901123,0.08993373066186905,0.45831093192100525,0.39531004428863525,0.09573891758918762,0.4615913927555084,0.3962579369544983,0.09569720923900604,0.46510404348373413,0.3970741331577301,0.09554391354322433,0.4372294843196869,0.4042617678642273,-0.021755853667855263,0.470508337020874,0.4100612998008728,0.00019820130546577275,0.44650110602378845,0.42307308316230774,0.09149347245693207,0.45591574907302856,0.42494311928749084,0.09752584993839264,0.39074379205703735,0.5065977573394775,-0.09213660657405853,0.49948158860206604,0.5192583203315735,-0.008124014362692833,0.31995081901550293,0.5592457056045532,-0.03262733668088913,0.525665283203125,0.59645676612854,0.16840830445289612,0.2562412619590759,0.5703650712966919,0.15481188893318176,0.5173169374465942,0.614587128162384,0.4082411229610443,0.23412588238716125,0.5913292765617371,0.1756165474653244,0.5154365301132202,0.63117516040802,0.44541135430336,0.23346233367919922,0.5866966843605042,0.1816587597131729,0.5112007856369019,0.6263386607170105,0.44528928399086,0.23971953988075256,0.582145631313324,0.16602709889411926,0.5088726282119751,0.6198774576187134,0.4161452651023865,0.379797101020813,0.7926902770996094,-0.045153506100177765,0.43608084321022034,0.8097190260887146,0.04437430948019028,0.32374387979507446,0.731287956237793,0.19384828209877014,0.4155593812465668,0.7810459733009338,0.32041776180267334,0.3360743522644043,0.9023475646972656,0.2719498872756958,0.4189061224460602,0.8805691003799438,0.3735661506652832,0.3434329926967621,0.9297605752944946,0.28695234656333923,0.42160338163375854,0.8946171998977661,0.3844844698905945,0.30947333574295044,0.9415280818939209,0.35455697774887085,0.4137613773345947,0.8807863593101501,0.43152016401290894
0.4496084153652191,0.4712674021720886,0.11129619181156158,0.4460935592651367,0.4526366889476776,0.0777730941772461,0.4428834915161133,0.4513356387615204,0.0776854008436203,0.4395178258419037,0.4503169059753418,0.07769055664539337,0.45491209626197815,0.45646268129348755,0.08305202424526215,0.45778924226760864,0.4577520191669464,0.0829542800784111,0.46080923080444336,0.4591465890407562,0.08281742036342621,0.4350563585758209,0.4568615257740021,-0.026443427428603172,0.46523410081863403,0.4682125151157379,-0.007749928627163172,0.4446210265159607,0.48529714345932007,0.07820083945989609,0.4529121518135071,0.490065336227417,0.08515069633722305,0.39049583673477173,0.5491135716438293,-0.09569814801216125,0.4939071536064148,0.5686839818954468,-0.013109548017382622,0.3134900629520416,0.5755382776260376,-0.08323022723197937,0.5299535393714905,0.631409227848053,0.14010107517242432,0.2523314356803894,0.5712159276008606,0.037848956882953644,0.5043119192123413,0.6141641139984131,0.36679819226264954,0.226007342338562,0.5884345173835754,0.0839095413684845,0.498372882604599,0.622710645198822,0.4046711027622223,0.22566917538642883,0.582654595375061,0.15920588374137878,0.4924866259098053,0.6120716333389282,0.40376225113868713,0.23436427116394043,0.5810422301292419,0.05646529048681259,0.49173086881637573,0.6187201738357544,0.3739162087440491,0.37159889936447144,0.8399742245674133,-0.032205864787101746,0.42672690749168396,0.8613331317901611,0.031182948499917984,0.32273975014686584,0.7265263795852661,0.256134569644928,0.41659364104270935,0.8005050420761108,0.3358089029788971,0.3362483084201813,0.8918971419334412,0.25224077701568604,0.4003797173500061,0.9001679420471191,0.32262054085731506,0.34568604826927185,0.8909052610397339,0.2724398970603943,0.40025439858436584,0.9116997718811035,0.32308995723724365,0.3171902894973755,0.9388260841369629,0.32246360182762146,0.3883967399597168,0.9562446475028992,0.41016513109207153
0.45012417435646057,0.5024678707122803,0.09650827199220657,0.4466751515865326,0.48729079961776733,0.06331728398799896,0.44319480657577515,0.4863356351852417,0.06323285400867462,0.43950146436691284,0.4854021668434143,0.06324858963489532,0.4563331604003906,0.4905793368816376,0.06787528097629547,0.45944851636886597,0.49192696809768677,0.06776677072048187,0.46270236372947693,0.4933447539806366,0.06766339391469955,0.43431729078292847,0.4930464029312134,-0.03619639202952385,0.46776795387268066,0.5044428706169128,-0.020572926849126816,0.44480282068252563,0.5149312615394592,0.06465508043766022,0.4542810320854187,0.5189985632896423,0.07083199918270111,0.3887147903442383,0.5845083594322205,-0.09639489650726318,0.4925924837589264,0.6101341843605042,-0.017729634419083595,0.31583231687545776,0.6000077724456787,-0.08161989599466324,0.5361865758895874,0.6551434993743896,0.13774962723255157,0.25040704011917114,0.5793244242668152,0.011533895507454872,0.49709683656692505,0.6265274286270142,0.3647333085536957,0.22477062046527863,0.5858878493309021,0.025696372613310814,0.49233198165893555,0.6270378232002258,0.3937954306602478,0.22461125254631042,0.5798693895339966,0.05460630729794502,0.48786720633506775,0.6154021620750427,0.38952866196632385,0.23286017775535583,0.5805796980857849,0.02290436625480652,0.4835725426673889,0.6254531145095825,0.3700349032878876,0.36578091979026794,0.8719248175621033,-0.03163835406303406,0.4221433699131012,0.8878071308135986,0.030760204419493675,0.3277347683906555,0.7298995852470398,0.23380205035209656,0.4241279065608978,0.7731536626815796,0.31619614362716675,0.33720847964286804,0.8790169358253479,0.3149057924747467,0.3870830237865448,0.8886638283729553,0.37782377004623413,0.34576380252838135,0.901227593421936,0.3305903673171997,0.3843097388744354,0.9089335799217224,0.3874898850917816,0.32490313053131104,0.9301437139511108,0.40541720390319824,0.3682907223701477,0.9270459413528442,0.44992202520370483
0.4517750144004822,0.5467936992645264,0.09656602144241333,0.44889765977859497,0.5315688848495483,0.06381868571043015,0.44543686509132385,0.5307590365409851,0.06373226642608643,0.4417452812194824,0.5299994945526123,0.06373383104801178,0.45809251070022583,0.5348333716392517,0.06665676832199097,0.4611157476902008,0.5364822149276733,0.06655047833919525,0.4645054340362549,0.5383486747741699,0.06644761562347412,0.4357547163963318,0.5379834175109863,-0.03698109835386276,0.46952366828918457,0.5499052405357361,-0.025690529495477676,0.4463673532009125,0.5602693557739258,0.06528633832931519,0.4553569257259369,0.5639711022377014,0.06959415972232819,0.389970988035202,0.6191297173500061,-0.09173697978258133,0.49287867546081543,0.6513866186141968,-0.03444414213299751,0.31331342458724976,0.6265348792076111,-0.09158395975828171,0.5402328968048096,0.6869373321533203,0.11755877733230591,0.250671923160553,0.5926445722579956,-0.031331997364759445,0.4882434010505676,0.6708332300186157,0.3272635340690613,0.2247021496295929,0.5858576893806458,-0.02864847704768181,0.4803377687931061,0.6800031661987305,0.3522707521915436,0.22493931651115417,0.5790916681289673,-0.019114308059215546,0.47506681084632874,0.6683319807052612,0.34842219948768616,0.23322848975658417,0.5806527733802795,-0.025148693472146988,0.4747243821620941,0.6720888018608093,0.3320923447608948,0.3640490174293518,0.8861309289932251,-0.030109545215964317,0.4145800471305847,0.910732090473175,0.02951584756374359,0.33141595125198364,0.7307565212249756,0.1998487412929535,0.4131001830101013,0.7567564845085144,0.3012505769729614,0.3386954665184021,0.8829666376113892,0.32214924693107605,0.36924105882644653,0.8713700771331787,0.3944336771965027,0.3509792387485504,0.9060003757476807,0.34186962246894836,0.3686603009700775,0.895704984664917,0.4082633852958679,0.3230542540550232,0.9239344000816345,0.4202401041984558,0.3437177240848541,0.8933202028274536,0.46417269110679626
0.4533429741859436,0.5764607191085815,0.06548900157213211,0.4509719908237457,0.5630480647087097,0.033826325088739395,0.4477388858795166,0.5625970959663391,0.03373618796467781,0.4443092942237854,0.5621204972267151,0.03371112793684006,0.45977678894996643,0.5655643343925476,0.03830724582076073,0.462867796421051,0.5671882033348083,0.03819634020328522,0.46639418601989746,0.5690348744392395,0.03808116540312767,0.4383164942264557,0.5720427632331848,-0.06361524760723114,0.47169479727745056,0.5823715925216675,-0.04235667362809181,0.44815024733543396,0.5907873511314392,0.035869672894477844,0.4567693769931793,0.593927800655365,0.042398445308208466,0.39429423213005066,0.6552025079727173,-0.09376613795757294,0.4956847131252289,0.6896073222160339,-0.04323766380548477,0.31424373388290405,0.6569687128067017,-0.10329809039831161,0.5397341251373291,0.7267510294914246,0.1076163500547409,0.25179582834243774,0.6120896339416504,-0.07127789407968521,0.5001408457756042,0.7038182020187378,0.31149718165397644,0.23036733269691467,0.5948283076286316,-0.07853781431913376,0.4950179159641266,0.6999595165252686,0.33530813455581665,0.23039647936820984,0.5857474207878113,-0.07439292967319489,0.4902153015136719,0.6859519481658936,0.3314405381679535,0.23727092146873474,0.5918605327606201,-0.06742267310619354,0.4887141287326813,0.6882580518722534,0.31516751646995544,0.3646600544452667,0.9015635251998901,-0.03193066269159317,0.4139048457145691,0.9282091856002808,0.03137771412730217,0.3370787799358368,0.7319374680519104,0.17789258062839508,0.4220387041568756,0.7553030848503113,0.2997745871543884,0.33566465973854065,0.8890754580497742,0.3542059659957886,0.3823075592517853,0.8478662967681885,0.4534270167350769,0.3473174571990967,0.9127927422523499,0.37911808490753174,0.38088592886924744,0.8723764419555664,0.47261151671409607,0.31896358728408813,0.9183356165885925,0.44384098052978516,0.35973596572875977,0.8497641086578369,0.5211426019668579
0.45432186126708984,0.6218635439872742,0.06142391636967659,0.4521580636501312,0.607167661190033,0.0325443372130394,0.44916653633117676,0.6066393256187439,0.032459430396556854,0.4459266662597656,0.6061750650405884,0.0324123278260231,0.46038883924484253,0.6103074550628662,0.03714080899953842,0.4634179472923279,0.6121794581413269,0.037057239562273026,0.466992050409317,0.6142110228538513,0.03694997355341911,0.4403567910194397,0.6174992322921753,-0.06098828464746475,0.4719177186489105,0.6254784464836121,-0.037460871040821075,0.4497988224029541,0.6377395987510681,0.03317834064364433,0.4575108587741852,0.6402707695960999,0.03981400281190872,0.3972814381122589,0.6963886022567749,-0.09857036173343658,0.49733275175094604,0.7298715114593506,-0.03455507010221481,0.31474870443344116,0.6942234635353088,-0.10900477319955826,0.5410205125808716,0.7564998865127563,0.0797567367553711,0.25444281101226807,0.6374861598014832,-0.09843892604112625,0.5297743678092957,0.7163838744163513,0.2126578837633133,0.23445038497447968,0.616304337978363,-0.1127006784081459,0.5323905944824219,0.7073222994804382,0.22100403904914856,0.23502588272094727,0.6060740351676941,-0.10997512191534042,0.5266813039779663,0.6993563175201416,0.21521492302417755,0.2415858954191208,0.6140263080596924,-0.0953393280506134,0.5223850011825562,0.7048643231391907,0.21494939923286438,0.3693450093269348,0.923404335975647,-0.037252116948366165,0.4130895137786865,0.942125678062439,0.0368228480219841,0.3367569148540497,0.7492302060127258,0.1005302295088768,0.40752124786376953,0.779248833656311,0.2694421410560608,0.3282019793987274,0.8918254375457764,0.2868040204048157,0.3649575114250183,0.8648814558982849,0.45183882117271423,0.33516359329223633,0.9149603843688965,0.3161603510379791,0.3642132878303528,0.8871545791625977,0.46659597754478455,0.30452486872673035,0.9069105982780457,0.4274165630340576,0.33624592423439026,0.8678537011146545,0.49387234449386597
0.4552420675754547,0.6638748645782471,0.0020463631954044104,0.4531388282775879,0.6475725769996643,-0.02607950009405613,0.4501428008079529,0.6468424201011658,-0.026085782796144485,0.4468892216682434,0.646264374256134,-0.026086458936333656,0.46142348647117615,0.6513617634773254,-0.022489411756396294,0.464458703994751,0.6533912420272827,-0.022525480017066002,0.46799254417419434,0.6556200981140137,-0.02255217917263508,0.4412892758846283,0.6560201048851013,-0.106204092502594,0.4729139804840088,0.6660494804382324,-0.0880497619509697,0.45067352056503296,0.6778207421302795,-0.020316684618592262,0.45805469155311584,0.6808453798294067,-0.015097270719707012,0.3978702127933502,0.7433881163597107,-0.11773815006017685,0.4973151683807373,0.7772817611694336,-0.07639253884553909,0.31880491971969604,0.7385697364807129,-0.10908856242895126,0.5517643094062805,0.8175815939903259,0.009025895968079567,0.2575887441635132,0.6689921021461487,-0.07720131427049637,0.5534991025924683,0.7489259243011475,0.08731376379728317,0.2386806756258011,0.641516387462616,-0.07480408996343613,0.5574274659156799,0.7264557480812073,0.08421602100133896,0.24016550183296204,0.6294654607772827,-0.07339898496866226,0.5501210689544678,0.7224608659744263,0.08234120905399323,0.24624395370483398,0.638874888420105,-0.07550126314163208,0.5457539558410645,0.7312634587287903,0.08892187476158142,0.369605153799057,0.9460780024528503,-0.02875932678580284,0.4187406003475189,0.9874924421310425,0.028549393638968468,0.33749115467071533,0.8429902791976929,0.15997394919395447,0.3692074716091156,0.8934570550918579,0.24705418944358826,0.2977251708507538,0.8882766962051392,0.4218296408653259,0.316618949174881,0.8829927444458008,0.4610174596309662,0.29039710760116577,0.9085344076156616,0.44940701127052307,0.3077015280723572,0.8889912962913513,0.4843481183052063,0.29139357805252075,0.8525205850601196,0.4665192663669586,0.3091844618320465,0.8679831027984619,0.49606990814208984
0.45684686303138733,0.6966512203216553,-0.07772180438041687,0.454874187707901,0.680576503276825,-0.1045602336525917,0.45156607031822205,0.6798743605613708,-0.1045883446931839,0.4480143189430237,0.6793110966682434,-0.10464358329772949,0.4638892710208893,0.6841157078742981,-0.10700452327728271,0.46697139739990234,0.6859414577484131,-0.10708379745483398,0.4704056680202484,0.6879437565803528,-0.10710658878087997,0.44149965047836304,0.6895331144332886,-0.1675546020269394,0.47354835271835327,0.6988721489906311,-0.175540491938591,0.45112767815589905,0.7108091711997986,-0.09249399602413177,0.45820409059524536,0.7137631177902222,-0.09504805505275726,0.3976792097091675,0.7833701372146606,-0.17526939511299133,0.49979791045188904,0.8126882910728455,-0.14800101518630981,0.3139100968837738,0.7844274640083313,-0.13911351561546326,0.5628750920295715,0.8797361850738525,-0.0510525219142437,0.2592424750328064,0.6986690759658813,-0.08866381645202637,0.5662702918052673,0.7976588606834412,0.032643772661685944,0.24242845177650452,0.6693735718727112,-0.1013212651014328,0.574372410774231,0.7718798518180847,0.025900939479470253,0.24353599548339844,0.6590615510940552,-0.09900929778814316,0.5646558403968811,0.769002377986908,0.02484222687780857,0.25046876072883606,0.6690060496330261,-0.08596653491258621,0.5606900453567505,0.7775602340698242,0.034753017127513885,0.37285885214805603,0.9656191468238831,-0.031008237972855568,0.4223158359527588,0.9952370524406433,0.030749687924981117,0.352729856967926,0.8197637796401978,0.1477651596069336,0.3938508927822113,0.8556055426597595,0.22748079895973206,0.2919764220714569,0.8472942113876343,0.38836997747421265,0.3139226734638214,0.850260853767395,0.43794378638267517,0.28330522775650024,0.8677263259887695,0.41498202085494995,0.30271345376968384,0.8692696690559387,0.4590831398963928,0.2790553569793701,0.7945196628570557,0.4241519570350647,0.29381969571113586,0.8121556639671326,0.46511030197143555
0.46386414766311646,0.7267054915428162,-0.1080247312784195,0.46118560433387756,0.711674153804779,-0.1338774859905243,0.45742717385292053,0.7110480666160583,-0.13389688730239868,0.45353570580482483,0.710620641708374,-0.13389739394187927,0.47113293409347534,0.7149364948272705,-0.1365542858839035,0.4743354320526123,0.7168971300125122,-0.1365867406129837,0.47776833176612854,0.7192071080207825,-0.13658317923545837,0.4465525150299072,0.7195805907249451,-0.1847197711467743,0.480259507894516,0.731717586517334,-0.1947656124830246,0.4570842683315277,0.7410622239112854,-0.11644530296325684,0.4652680456638336,0.7457720637321472,-0.11982760578393936,0.39653462171554565,0.8214251399040222,-0.18229499459266663,0.5006840825080872,0.8553406000137329,-0.15670400857925415,0.3178573250770569,0.8224967122077942,-0.13247117400169373,0.5664177536964417,0.9165757298469543,-0.04827322065830231,0.2606896162033081,0.7482456564903259,-0.07541900873184204,0.579425573348999,0.8529216051101685,0.033614106476306915,0.24717333912849426,0.7212693095207214,-0.09004976600408554,0.5912026166915894,0.8346401453018188,0.02209075167775154,0.25300702452659607,0.707588791847229,-0.08891545236110687,0.5824700593948364,0.8261141180992126,0.019894225522875786,0.25781118869781494,0.7170248031616211,-0.07256601750850677,0.5763933062553406,0.8316650390625,0.03482618182897568,0.3748418390750885,0.9881924390792847,-0.0295098964124918,0.42472824454307556,1.021872639656067,0.0294597540050745,0.370868444442749,0.8161556720733643,0.18096695840358734,0.4026002883911133,0.8348983526229858,0.2357827126979828,0.30753108859062195,0.8266276121139526,0.4999081492424011,0.3203832507133484,0.8332696557044983,0.5396817922592163,0.29901278018951416,0.844167947769165,0.5363091230392456,0.3083080053329468,0.8523793816566467,0.5697839260101318,0.29313427209854126,0.7702945470809937,0.5519959330558777,0.30574771761894226,0.7809139490127563,0.575543224811554
0.47915253043174744,0.75542813539505,-0.03420301154255867,0.4759732782840729,0.740161657333374,-0.06736999750137329,0.4723042845726013,0.73912513256073,-0.06741099804639816,0.46871885657310486,0.7384859919548035,-0.06743225455284119,0.4862338602542877,0.7456842064857483,-0.06900230795145035,0.4894731938838959,0.7484946250915527,-0.06900282949209213,0.49270811676979065,0.7516165971755981,-0.06907422840595245,0.4629996418952942,0.7480249404907227,-0.1559535562992096,0.4936756491661072,0.7656617164611816,-0.16369450092315674,0.47179222106933594,0.7685414552688599,-0.055420003831386566,0.48106545209884644,0.7753902673721313,-0.05730864405632019,0.408130019903183,0.8253820538520813,-0.16903933882713318,0.509267270565033,0.8930357098579407,-0.14919643104076385,0.3203636705875397,0.8511633276939392,-0.1282252073287964,0.563522219657898,0.9870764017105103,-0.06657978147268295,0.2736537754535675,0.7828013896942139,-0.07361417263746262,0.5897418260574341,0.9249301552772522,0.009574228897690773,0.2568698227405548,0.765872597694397,-0.09110723435878754,0.6042505502700806,0.9216075539588928,0.001276857452467084,0.2660718858242035,0.7522950172424316,-0.08799868822097778,0.596737802028656,0.9099108576774597,-0.0012158568715676665,0.27507659792900085,0.78636634349823,-0.07041191309690475,0.5922785997390747,0.9116536378860474,0.011048069223761559,0.3759310841560364,1.0029114484786987,-0.02334686741232872,0.4380009174346924,1.047763705253601,0.023364674299955368,0.3642398715019226,0.8375836610794067,0.1880556046962738,0.48227518796920776,0.8951773643493652,0.27236559987068176,0.29463258385658264,0.8282842636108398,0.4730871319770813,0.41479063034057617,0.892667293548584,0.5930595397949219,0.2824203372001648,0.8437122702598572,0.505011260509491,0.3988805413246155,0.9094052910804749,0.627689003944397,0.2871829569339752,0.7504931688308716,0.5124346613883972,0.4161599278450012,0.8045985102653503,0.6550650596618652
0.4878978133201599,0.7787891030311584,-0.23413541913032532,0.4856695532798767,0.7674081325531006,-0.26929229497909546,0.48186859488487244,0.7663507461547852,-0.26931697130203247,0.4782752990722656,0.7656775712966919,-0.2693710923194885,0.49661603569984436,0.7734755873680115,-0.26852816343307495,0.5001624822616577,0.7766486406326294,-0.2686139941215515,0.5035558938980103,0.7799081802368164,-0.2686626613140106,0.4722979664802551,0.7759448289871216,-0.3344430923461914,0.5024843811988831,0.7953165769577026,-0.3311353921890259,0.47870761156082153,0.7901302576065063,-0.24441950023174286,0.48887187242507935,0.7976114153862,-0.2440049946308136,0.40125733613967896,0.8316065669059753,-0.298483669757843,0.5124958753585815,0.9112759828567505,-0.27246665954589844,0.31781333684921265,0.9055055975914001,-0.20018288493156433,0.5638948678970337,0.9951665997505188,-0.15148887038230896,0.28091132640838623,0.8129700422286987,-0.10463754087686539,0.5975335836410522,0.9631128311157227,-0.06333382427692413,0.26410800218582153,0.7861981987953186,-0.12406746298074722,0.6163574457168579,0.9488558173179626,-0.0794878602027893,0.2745794653892517,0.7659983038902283,-0.1273481249809265,0.613457977771759,0.9378527402877808,-0.08394880592823029,0.2834446430206299,0.7728180885314941,-0.10392610728740692,0.6058734655380249,0.9406048059463501,-0.06348645687103271,0.3763839304447174,1.0166027545928955,-0.022285133600234985,0.4377346932888031,1.0549386739730835,0.02235916629433632,0.382912814617157,0.8461968898773193,0.24880099296569824,0.455676406621933,0.8845325112342834,0.32147860527038574,0.3148297667503357,0.8414706587791443,0.6363871097564697,0.39732080698013306,0.8898483514785767,0.678482174873352,0.29431959986686707,0.8567962646484375,0.680235743522644,0.37930408120155334,0.9080065488815308,0.7169675827026367,0.3224305212497711,0.7867376804351807,0.6860095858573914,0.395810604095459,0.8310560584068298,0.7220625281333923
0.49695611000061035,0.8199902176856995,-0.23125293850898743,0.49499186873435974,0.8071792721748352,-0.26485463976860046,0.49131712317466736,0.8046280741691589,-0.2648985981941223,0.48719701170921326,0.8016747236251831,-0.26502174139022827,0.506482720375061,0.8166950941085815,-0.2662380039691925,0.5104462504386902,0.8203856348991394,-0.2663429379463196,0.5142019987106323,0.8238095045089722,-0.26637011766433716,0.48052555322647095,0.8069735169410706,-0.32970622181892395,0.5133568644523621,0.836276650428772,-0.33559027314186096,0.4875856339931488,0.8274616599082947,-0.24180953204631805,0.4983135163784027,0.8394290208816528,-0.2441125214099884,0.3995969891548157,0.8560937643051147,-0.29330411553382874,0.5143976211547852,0.9427233338356018,-0.2665138840675354,0.3159433901309967,0.9597956538200378,-0.18556258082389832,0.5622071027755737,1.0424931049346924,-0.13544189929962158,0.28343290090560913,0.8410646319389343,-0.0992291122674942,0.6025012731552124,0.9588856101036072,-0.03378366306424141,0.26804372668266296,0.8214237689971924,-0.12172416597604752,0.6194667816162109,0.9350062608718872,-0.04707265645265579,0.2774480879306793,0.8014253377914429,-0.1272430717945099,0.616975724697113,0.9223835468292236,-0.05592309311032295,0.2850767970085144,0.8086127638816833,-0.10005555301904678,0.6093717813491821,0.9305647015571594,-0.03513133153319359,0.37726891040802,1.0374888181686401,-0.024650316685438156,0.4367513656616211,1.073668122291565,0.024606196209788322,0.3851717710494995,0.8447006344795227,0.22434687614440918,0.44502753019332886,0.8646045923233032,0.3004513680934906,0.31967687606811523,0.7996270656585693,0.5914584994316101,0.36784085631370544,0.8340780735015869,0.6332841515541077,0.30501800775527954,0.8057828545570374,0.6323687434196472,0.35489025712013245,0.8456499576568604,0.6693412065505981,0.32736313343048096,0.7305113077163696,0.6169187426567078,0.3571358621120453,0.7699171304702759,0.6534867882728577
